{
  "parent": "item/generated",
  "textures": {
    "layer0": "item/disc_fragment_5"
  },
  "overrides": [
    {
      "predicate": {
        "custom_model_data": 26
      },
      "model": "item/fragment_foxtailgrassstudiofour"
    },
    {
      "predicate": {
        "custom_model_data": 27
      },
      "model": "item/fragment_ppone"
    },
    {
      "predicate": {
        "custom_model_data": 1
      },
      "model": "item/fragment_sherryone"
    },
    {
      "predicate": {
        "custom_model_data": 2
      },
      "model": "item/fragment_twosix"
    },
    {
      "predicate": {
        "custom_model_data": 3
      },
      "model": "item/fragment_twosixzero"
    },
    {
      "predicate": {
        "custom_model_data": 4
      },
      "model": "item/fragment_twosixzerozero"
    },
    {
      "predicate": {
        "custom_model_data": 5
      },
      "model": "item/fragment_livetwo"
    },
    {
      "predicate": {
        "custom_model_data": 6
      },
      "model": "item/fragment_livetwozero"
    },
    {
      "predicate": {
        "custom_model_data": 7
      },
      "model": "item/fragment_tristudioone"
    },
    {
      "predicate": {
        "custom_model_data": 8
      },
      "model": "item/fragment_mtakukomorebione"
    },
    {
      "predicate": {
        "custom_model_data": 9
      },
      "model": "item/fragment_twosixzerozerozero"
    },
    {
      "predicate": {
        "custom_model_data": 10
      },
      "model": "item/fragment_foxtailgrassstudiomountainjourneyone"
    },
    {
      "predicate": {
        "custom_model_data": 11
      },
      "model": "item/fragment_twosixzerozerozerozero"
    },
    {
      "predicate": {
        "custom_model_data": 12
      },
      "model": "item/fragment_twosixzerozerozerozerozero"
    },
    {
      "predicate": {
        "custom_model_data": 13
      },
      "model": "item/fragment_despairone"
    },
    {
      "predicate": {
        "custom_model_data": 14
      },
      "model": "item/fragment_twosixzerozerozerozerozerozero"
    },
    {
      "predicate": {
        "custom_model_data": 15
      },
      "model": "item/fragment_orchone"
    },
    {
      "predicate": {
        "custom_model_data": 16
      },
      "model": "item/fragment_twosixzerozerozerozerozerozerozero"
    },
    {
      "predicate": {
        "custom_model_data": 17
      },
      "model": "item/fragment_twosixzerozerozerozerozerozerozerozero"
    },
    {
      "predicate": {
        "custom_model_data": 18
      },
      "model": "item/fragment_foxtailgrassstudiofourzero"
    },
    {
      "predicate": {
        "custom_model_data": 19
      },
      "model": "item/fragment_foxtailgrassstudiofourzerozero"
    },
    {
      "predicate": {
        "custom_model_data": 20
      },
      "model": "item/fragment_twosixzerozerozerozerozerozerozerozerozero"
    },
    {
      "predicate": {
        "custom_model_data": 21
      },
      "model": "item/fragment_likpiaone"
    },
    {
      "predicate": {
        "custom_model_data": 22
      },
      "model": "item/fragment_twosixzerozerozerozerozerozerozerozerozerozero"
    },
    {
      "predicate": {
        "custom_model_data": 23
      },
      "model": "item/fragment_twosixzerozerozerozerozerozerozerozerozerozerozero"
    },
    {
      "predicate": {
        "custom_model_data": 24
      },
      "model": "item/fragment_tryhardninjarevengeminecraftcreepersongone"
    }
  ]
}