{
  "parent": "item/generated",
  "textures": {
    "layer0": "item/music_disc_11"
  },
  "overrides": [
    {
      "predicate": {
        "custom_model_data": 26
      },
      "model": "item/music_disc_foxtailgrassstudiofour"
    },
    {
      "predicate": {
        "custom_model_data": 27
      },
      "model": "item/music_disc_ppone"
    },
    {
      "predicate": {
        "custom_model_data": 1
      },
      "model": "item/music_disc_sherryone"
    },
    {
      "predicate": {
        "custom_model_data": 2
      },
      "model": "item/music_disc_twosix"
    },
    {
      "predicate": {
        "custom_model_data": 3
      },
      "model": "item/music_disc_twosixzero"
    },
    {
      "predicate": {
        "custom_model_data": 4
      },
      "model": "item/music_disc_twosixzerozero"
    },
    {
      "predicate": {
        "custom_model_data": 5
      },
      "model": "item/music_disc_livetwo"
    },
    {
      "predicate": {
        "custom_model_data": 6
      },
      "model": "item/music_disc_livetwozero"
    },
    {
      "predicate": {
        "custom_model_data": 7
      },
      "model": "item/music_disc_tristudioone"
    },
    {
      "predicate": {
        "custom_model_data": 8
      },
      "model": "item/music_disc_mtakukomorebione"
    },
    {
      "predicate": {
        "custom_model_data": 9
      },
      "model": "item/music_disc_twosixzerozerozero"
    },
    {
      "predicate": {
        "custom_model_data": 10
      },
      "model": "item/music_disc_foxtailgrassstudiomountainjourneyone"
    },
    {
      "predicate": {
        "custom_model_data": 11
      },
      "model": "item/music_disc_twosixzerozerozerozero"
    },
    {
      "predicate": {
        "custom_model_data": 12
      },
      "model": "item/music_disc_twosixzerozerozerozerozero"
    },
    {
      "predicate": {
        "custom_model_data": 13
      },
      "model": "item/music_disc_despairone"
    },
    {
      "predicate": {
        "custom_model_data": 14
      },
      "model": "item/music_disc_twosixzerozerozerozerozerozero"
    },
    {
      "predicate": {
        "custom_model_data": 15
      },
      "model": "item/music_disc_orchone"
    },
    {
      "predicate": {
        "custom_model_data": 16
      },
      "model": "item/music_disc_twosixzerozerozerozerozerozerozero"
    },
    {
      "predicate": {
        "custom_model_data": 17
      },
      "model": "item/music_disc_twosixzerozerozerozerozerozerozerozero"
    },
    {
      "predicate": {
        "custom_model_data": 18
      },
      "model": "item/music_disc_foxtailgrassstudiofourzero"
    },
    {
      "predicate": {
        "custom_model_data": 19
      },
      "model": "item/music_disc_foxtailgrassstudiofourzerozero"
    },
    {
      "predicate": {
        "custom_model_data": 20
      },
      "model": "item/music_disc_twosixzerozerozerozerozerozerozerozerozero"
    },
    {
      "predicate": {
        "custom_model_data": 21
      },
      "model": "item/music_disc_likpiaone"
    },
    {
      "predicate": {
        "custom_model_data": 22
      },
      "model": "item/music_disc_twosixzerozerozerozerozerozerozerozerozerozero"
    },
    {
      "predicate": {
        "custom_model_data": 23
      },
      "model": "item/music_disc_twosixzerozerozerozerozerozerozerozerozerozerozero"
    },
    {
      "predicate": {
        "custom_model_data": 24
      },
      "model": "item/music_disc_tryhardninjarevengeminecraftcreepersongone"
    }
  ]
}