[
  {
    "title": "Foxtail",
    "author": "Grass Studio - 日陰と帽子と風鈴と (背阴处、帽子与风铃)",
    "duration": 329,
    "disc-namespace": "foxtailgrassstudiofour",
    "model-data": 26,
    "creeper-drop": true,
    "lores": [],
    "loot-tables": {
      "pots/trial_chambers/corridor": 150,
      "chests/ancient_city": 300,
      "chests/ancient_city_ice_box": 300,
      "chests/bastion_bridge": 200,
      "chests/bastion_hoglin_treasure": 200,
      "chests/bastion_other": 200,
      "chests/bastion_treasure": 200,
      "chests/simple_dungeon": 300,
      "chests/ruined_portal": 300,
      "chests/village/village_plains_house": 300,
      "chests/village/village_savanna_house": 300,
      "chests/village/village_desert_house": 300,
      "chests/village/village_snowy_house": 300,
      "chests/village/village_taiga_house": 300,
      "chests/abandoned_mineshaft": 300
    },
    "fragment-loot-tables": {}
  },
  {
    "title": "古剑奇谭网络版 _ 骆集益 _ PP",
    "author": "应随人间浩气生",
    "duration": 270,
    "disc-namespace": "ppone",
    "model-data": 27,
    "creeper-drop": true,
    "lores": [],
    "loot-tables": {
      "pots/trial_chambers/corridor": 150,
      "chests/ancient_city": 300,
      "chests/ancient_city_ice_box": 300,
      "chests/bastion_bridge": 200,
      "chests/bastion_hoglin_treasure": 200,
      "chests/bastion_other": 200,
      "chests/bastion_treasure": 200,
      "chests/simple_dungeon": 300,
      "chests/ruined_portal": 300,
      "chests/village/village_plains_house": 300,
      "chests/village/village_savanna_house": 300,
      "chests/village/village_desert_house": 300,
      "chests/village/village_snowy_house": 300,
      "chests/village/village_taiga_house": 300,
      "chests/abandoned_mineshaft": 300
    },
    "fragment-loot-tables": {}
  },
  {
    "title": "Sherry龙小葵",
    "author": "祈流芳",
    "duration": 187,
    "disc-namespace": "sherryone",
    "model-data": 1,
    "creeper-drop": true,
    "lores": [],
    "loot-tables": {
      "pots/trial_chambers/corridor": 150,
      "chests/ancient_city": 300,
      "chests/ancient_city_ice_box": 300,
      "chests/bastion_bridge": 200,
      "chests/bastion_hoglin_treasure": 200,
      "chests/bastion_other": 200,
      "chests/bastion_treasure": 200,
      "chests/simple_dungeon": 300,
      "chests/ruined_portal": 300,
      "chests/village/village_plains_house": 300,
      "chests/village/village_savanna_house": 300,
      "chests/village/village_desert_house": 300,
      "chests/village/village_snowy_house": 300,
      "chests/village/village_taiga_house": 300,
      "chests/abandoned_mineshaft": 300
    },
    "fragment-loot-tables": {}
  },
  {
    "title": "枭工作室",
    "author": "剑出贪嗔",
    "duration": 122,
    "disc-namespace": "twosix",
    "model-data": 2,
    "creeper-drop": true,
    "lores": [],
    "loot-tables": {
      "pots/trial_chambers/corridor": 150,
      "chests/ancient_city": 300,
      "chests/ancient_city_ice_box": 300,
      "chests/bastion_bridge": 200,
      "chests/bastion_hoglin_treasure": 200,
      "chests/bastion_other": 200,
      "chests/bastion_treasure": 200,
      "chests/simple_dungeon": 300,
      "chests/ruined_portal": 300,
      "chests/village/village_plains_house": 300,
      "chests/village/village_savanna_house": 300,
      "chests/village/village_desert_house": 300,
      "chests/village/village_snowy_house": 300,
      "chests/village/village_taiga_house": 300,
      "chests/abandoned_mineshaft": 300
    },
    "fragment-loot-tables": {}
  },
  {
    "title": "上海烛龙",
    "author": "月舞春歌",
    "duration": 263,
    "disc-namespace": "twosixzero",
    "model-data": 3,
    "creeper-drop": true,
    "lores": [],
    "loot-tables": {
      "pots/trial_chambers/corridor": 150,
      "chests/ancient_city": 300,
      "chests/ancient_city_ice_box": 300,
      "chests/bastion_bridge": 200,
      "chests/bastion_hoglin_treasure": 200,
      "chests/bastion_other": 200,
      "chests/bastion_treasure": 200,
      "chests/simple_dungeon": 300,
      "chests/ruined_portal": 300,
      "chests/village/village_plains_house": 300,
      "chests/village/village_savanna_house": 300,
      "chests/village/village_desert_house": 300,
      "chests/village/village_snowy_house": 300,
      "chests/village/village_taiga_house": 300,
      "chests/abandoned_mineshaft": 300
    },
    "fragment-loot-tables": {}
  },
  {
    "title": "上海烛龙",
    "author": "酒尽行歌",
    "duration": 121,
    "disc-namespace": "twosixzerozero",
    "model-data": 4,
    "creeper-drop": true,
    "lores": [],
    "loot-tables": {
      "pots/trial_chambers/corridor": 150,
      "chests/ancient_city": 300,
      "chests/ancient_city_ice_box": 300,
      "chests/bastion_bridge": 200,
      "chests/bastion_hoglin_treasure": 200,
      "chests/bastion_other": 200,
      "chests/bastion_treasure": 200,
      "chests/simple_dungeon": 300,
      "chests/ruined_portal": 300,
      "chests/village/village_plains_house": 300,
      "chests/village/village_savanna_house": 300,
      "chests/village/village_desert_house": 300,
      "chests/village/village_snowy_house": 300,
      "chests/village/village_taiga_house": 300,
      "chests/abandoned_mineshaft": 300
    },
    "fragment-loot-tables": {}
  },
  {
    "title": "古剑奇谭三",
    "author": "星霜 (Live)",
    "duration": 123,
    "disc-namespace": "livetwo",
    "model-data": 5,
    "creeper-drop": true,
    "lores": [],
    "loot-tables": {
      "pots/trial_chambers/corridor": 150,
      "chests/ancient_city": 300,
      "chests/ancient_city_ice_box": 300,
      "chests/bastion_bridge": 200,
      "chests/bastion_hoglin_treasure": 200,
      "chests/bastion_other": 200,
      "chests/bastion_treasure": 200,
      "chests/simple_dungeon": 300,
      "chests/ruined_portal": 300,
      "chests/village/village_plains_house": 300,
      "chests/village/village_savanna_house": 300,
      "chests/village/village_desert_house": 300,
      "chests/village/village_snowy_house": 300,
      "chests/village/village_taiga_house": 300,
      "chests/abandoned_mineshaft": 300
    },
    "fragment-loot-tables": {}
  },
  {
    "title": "古剑奇谭三",
    "author": "霄虹 (Live)",
    "duration": 115,
    "disc-namespace": "livetwozero",
    "model-data": 6,
    "creeper-drop": true,
    "lores": [],
    "loot-tables": {
      "pots/trial_chambers/corridor": 150,
      "chests/ancient_city": 300,
      "chests/ancient_city_ice_box": 300,
      "chests/bastion_bridge": 200,
      "chests/bastion_hoglin_treasure": 200,
      "chests/bastion_other": 200,
      "chests/bastion_treasure": 200,
      "chests/simple_dungeon": 300,
      "chests/ruined_portal": 300,
      "chests/village/village_plains_house": 300,
      "chests/village/village_savanna_house": 300,
      "chests/village/village_desert_house": 300,
      "chests/village/village_snowy_house": 300,
      "chests/village/village_taiga_house": 300,
      "chests/abandoned_mineshaft": 300
    },
    "fragment-loot-tables": {}
  },
  {
    "title": "TRI Studio",
    "author": "愿逐流芳",
    "duration": 213,
    "disc-namespace": "tristudioone",
    "model-data": 7,
    "creeper-drop": true,
    "lores": [],
    "loot-tables": {
      "pots/trial_chambers/corridor": 150,
      "chests/ancient_city": 300,
      "chests/ancient_city_ice_box": 300,
      "chests/bastion_bridge": 200,
      "chests/bastion_hoglin_treasure": 200,
      "chests/bastion_other": 200,
      "chests/bastion_treasure": 200,
      "chests/simple_dungeon": 300,
      "chests/ruined_portal": 300,
      "chests/village/village_plains_house": 300,
      "chests/village/village_savanna_house": 300,
      "chests/village/village_desert_house": 300,
      "chests/village/village_snowy_house": 300,
      "chests/village/village_taiga_house": 300,
      "chests/abandoned_mineshaft": 300
    },
    "fragment-loot-tables": {}
  },
  {
    "title": "m",
    "author": "taku - Komorebi (叶隙间洒落的阳光)",
    "duration": 213,
    "disc-namespace": "mtakukomorebione",
    "model-data": 8,
    "creeper-drop": true,
    "lores": [],
    "loot-tables": {
      "pots/trial_chambers/corridor": 150,
      "chests/ancient_city": 300,
      "chests/ancient_city_ice_box": 300,
      "chests/bastion_bridge": 200,
      "chests/bastion_hoglin_treasure": 200,
      "chests/bastion_other": 200,
      "chests/bastion_treasure": 200,
      "chests/simple_dungeon": 300,
      "chests/ruined_portal": 300,
      "chests/village/village_plains_house": 300,
      "chests/village/village_savanna_house": 300,
      "chests/village/village_desert_house": 300,
      "chests/village/village_snowy_house": 300,
      "chests/village/village_taiga_house": 300,
      "chests/abandoned_mineshaft": 300
    },
    "fragment-loot-tables": {}
  },
  {
    "title": "上海烛龙",
    "author": "赤羽金令",
    "duration": 100,
    "disc-namespace": "twosixzerozerozero",
    "model-data": 9,
    "creeper-drop": true,
    "lores": [],
    "loot-tables": {
      "pots/trial_chambers/corridor": 150,
      "chests/ancient_city": 300,
      "chests/ancient_city_ice_box": 300,
      "chests/bastion_bridge": 200,
      "chests/bastion_hoglin_treasure": 200,
      "chests/bastion_other": 200,
      "chests/bastion_treasure": 200,
      "chests/simple_dungeon": 300,
      "chests/ruined_portal": 300,
      "chests/village/village_plains_house": 300,
      "chests/village/village_savanna_house": 300,
      "chests/village/village_desert_house": 300,
      "chests/village/village_snowy_house": 300,
      "chests/village/village_taiga_house": 300,
      "chests/abandoned_mineshaft": 300
    },
    "fragment-loot-tables": {}
  },
  {
    "title": "Foxtail",
    "author": "Grass Studio - Mountain Journey",
    "duration": 189,
    "disc-namespace": "foxtailgrassstudiomountainjourneyone",
    "model-data": 10,
    "creeper-drop": true,
    "lores": [],
    "loot-tables": {
      "pots/trial_chambers/corridor": 150,
      "chests/ancient_city": 300,
      "chests/ancient_city_ice_box": 300,
      "chests/bastion_bridge": 200,
      "chests/bastion_hoglin_treasure": 200,
      "chests/bastion_other": 200,
      "chests/bastion_treasure": 200,
      "chests/simple_dungeon": 300,
      "chests/ruined_portal": 300,
      "chests/village/village_plains_house": 300,
      "chests/village/village_savanna_house": 300,
      "chests/village/village_desert_house": 300,
      "chests/village/village_snowy_house": 300,
      "chests/village/village_taiga_house": 300,
      "chests/abandoned_mineshaft": 300
    },
    "fragment-loot-tables": {}
  },
  {
    "title": "宋冬野",
    "author": "安和桥",
    "duration": 251,
    "disc-namespace": "twosixzerozerozerozero",
    "model-data": 11,
    "creeper-drop": true,
    "lores": [],
    "loot-tables": {
      "pots/trial_chambers/corridor": 150,
      "chests/ancient_city": 300,
      "chests/ancient_city_ice_box": 300,
      "chests/bastion_bridge": 200,
      "chests/bastion_hoglin_treasure": 200,
      "chests/bastion_other": 200,
      "chests/bastion_treasure": 200,
      "chests/simple_dungeon": 300,
      "chests/ruined_portal": 300,
      "chests/village/village_plains_house": 300,
      "chests/village/village_savanna_house": 300,
      "chests/village/village_desert_house": 300,
      "chests/village/village_snowy_house": 300,
      "chests/village/village_taiga_house": 300,
      "chests/abandoned_mineshaft": 300
    },
    "fragment-loot-tables": {}
  },
  {
    "title": "葛东琪",
    "author": "悬溺",
    "duration": 198,
    "disc-namespace": "twosixzerozerozerozerozero",
    "model-data": 12,
    "creeper-drop": true,
    "lores": [],
    "loot-tables": {
      "pots/trial_chambers/corridor": 150,
      "chests/ancient_city": 300,
      "chests/ancient_city_ice_box": 300,
      "chests/bastion_bridge": 200,
      "chests/bastion_hoglin_treasure": 200,
      "chests/bastion_other": 200,
      "chests/bastion_treasure": 200,
      "chests/simple_dungeon": 300,
      "chests/ruined_portal": 300,
      "chests/village/village_plains_house": 300,
      "chests/village/village_savanna_house": 300,
      "chests/village/village_desert_house": 300,
      "chests/village/village_snowy_house": 300,
      "chests/village/village_taiga_house": 300,
      "chests/abandoned_mineshaft": 300
    },
    "fragment-loot-tables": {}
  },
  {
    "title": "新旭",
    "author": "Despair",
    "duration": 119,
    "disc-namespace": "despairone",
    "model-data": 13,
    "creeper-drop": true,
    "lores": [],
    "loot-tables": {
      "pots/trial_chambers/corridor": 150,
      "chests/ancient_city": 300,
      "chests/ancient_city_ice_box": 300,
      "chests/bastion_bridge": 200,
      "chests/bastion_hoglin_treasure": 200,
      "chests/bastion_other": 200,
      "chests/bastion_treasure": 200,
      "chests/simple_dungeon": 300,
      "chests/ruined_portal": 300,
      "chests/village/village_plains_house": 300,
      "chests/village/village_savanna_house": 300,
      "chests/village/village_desert_house": 300,
      "chests/village/village_snowy_house": 300,
      "chests/village/village_taiga_house": 300,
      "chests/abandoned_mineshaft": 300
    },
    "fragment-loot-tables": {}
  },
  {
    "title": "麦振鸿",
    "author": "恨爱交加",
    "duration": 265,
    "disc-namespace": "twosixzerozerozerozerozerozero",
    "model-data": 14,
    "creeper-drop": true,
    "lores": [],
    "loot-tables": {
      "pots/trial_chambers/corridor": 150,
      "chests/ancient_city": 300,
      "chests/ancient_city_ice_box": 300,
      "chests/bastion_bridge": 200,
      "chests/bastion_hoglin_treasure": 200,
      "chests/bastion_other": 200,
      "chests/bastion_treasure": 200,
      "chests/simple_dungeon": 300,
      "chests/ruined_portal": 300,
      "chests/village/village_plains_house": 300,
      "chests/village/village_savanna_house": 300,
      "chests/village/village_desert_house": 300,
      "chests/village/village_snowy_house": 300,
      "chests/village/village_taiga_house": 300,
      "chests/abandoned_mineshaft": 300
    },
    "fragment-loot-tables": {}
  },
  {
    "title": "古剑奇谭三",
    "author": "拂光 (Orch)",
    "duration": 122,
    "disc-namespace": "orchone",
    "model-data": 15,
    "creeper-drop": true,
    "lores": [],
    "loot-tables": {
      "pots/trial_chambers/corridor": 150,
      "chests/ancient_city": 300,
      "chests/ancient_city_ice_box": 300,
      "chests/bastion_bridge": 200,
      "chests/bastion_hoglin_treasure": 200,
      "chests/bastion_other": 200,
      "chests/bastion_treasure": 200,
      "chests/simple_dungeon": 300,
      "chests/ruined_portal": 300,
      "chests/village/village_plains_house": 300,
      "chests/village/village_savanna_house": 300,
      "chests/village/village_desert_house": 300,
      "chests/village/village_snowy_house": 300,
      "chests/village/village_taiga_house": 300,
      "chests/abandoned_mineshaft": 300
    },
    "fragment-loot-tables": {}
  },
  {
    "title": "枭工作室",
    "author": "火光熠熠",
    "duration": 133,
    "disc-namespace": "twosixzerozerozerozerozerozerozero",
    "model-data": 16,
    "creeper-drop": true,
    "lores": [],
    "loot-tables": {
      "pots/trial_chambers/corridor": 150,
      "chests/ancient_city": 300,
      "chests/ancient_city_ice_box": 300,
      "chests/bastion_bridge": 200,
      "chests/bastion_hoglin_treasure": 200,
      "chests/bastion_other": 200,
      "chests/bastion_treasure": 200,
      "chests/simple_dungeon": 300,
      "chests/ruined_portal": 300,
      "chests/village/village_plains_house": 300,
      "chests/village/village_savanna_house": 300,
      "chests/village/village_desert_house": 300,
      "chests/village/village_snowy_house": 300,
      "chests/village/village_taiga_house": 300,
      "chests/abandoned_mineshaft": 300
    },
    "fragment-loot-tables": {}
  },
  {
    "title": "枭工作室",
    "author": "曲尽苍生意",
    "duration": 201,
    "disc-namespace": "twosixzerozerozerozerozerozerozerozero",
    "model-data": 17,
    "creeper-drop": true,
    "lores": [],
    "loot-tables": {
      "pots/trial_chambers/corridor": 150,
      "chests/ancient_city": 300,
      "chests/ancient_city_ice_box": 300,
      "chests/bastion_bridge": 200,
      "chests/bastion_hoglin_treasure": 200,
      "chests/bastion_other": 200,
      "chests/bastion_treasure": 200,
      "chests/simple_dungeon": 300,
      "chests/ruined_portal": 300,
      "chests/village/village_plains_house": 300,
      "chests/village/village_savanna_house": 300,
      "chests/village/village_desert_house": 300,
      "chests/village/village_snowy_house": 300,
      "chests/village/village_taiga_house": 300,
      "chests/abandoned_mineshaft": 300
    },
    "fragment-loot-tables": {}
  },
  {
    "title": "Foxtail",
    "author": "Grass Studio - 日陰と帽子と風鈴と (背阴处、帽子与风铃)",
    "duration": 329,
    "disc-namespace": "foxtailgrassstudiofourzero",
    "model-data": 18,
    "creeper-drop": true,
    "lores": [],
    "loot-tables": {
      "pots/trial_chambers/corridor": 150,
      "chests/ancient_city": 300,
      "chests/ancient_city_ice_box": 300,
      "chests/bastion_bridge": 200,
      "chests/bastion_hoglin_treasure": 200,
      "chests/bastion_other": 200,
      "chests/bastion_treasure": 200,
      "chests/simple_dungeon": 300,
      "chests/ruined_portal": 300,
      "chests/village/village_plains_house": 300,
      "chests/village/village_savanna_house": 300,
      "chests/village/village_desert_house": 300,
      "chests/village/village_snowy_house": 300,
      "chests/village/village_taiga_house": 300,
      "chests/abandoned_mineshaft": 300
    },
    "fragment-loot-tables": {}
  },
  {
    "title": "みかん箱 _ Foxtail",
    "author": "Grass Studio - 昼下がりの忧郁",
    "duration": 220,
    "disc-namespace": "foxtailgrassstudiofourzerozero",
    "model-data": 19,
    "creeper-drop": true,
    "lores": [],
    "loot-tables": {
      "pots/trial_chambers/corridor": 150,
      "chests/ancient_city": 300,
      "chests/ancient_city_ice_box": 300,
      "chests/bastion_bridge": 200,
      "chests/bastion_hoglin_treasure": 200,
      "chests/bastion_other": 200,
      "chests/bastion_treasure": 200,
      "chests/simple_dungeon": 300,
      "chests/ruined_portal": 300,
      "chests/village/village_plains_house": 300,
      "chests/village/village_savanna_house": 300,
      "chests/village/village_desert_house": 300,
      "chests/village/village_snowy_house": 300,
      "chests/village/village_taiga_house": 300,
      "chests/abandoned_mineshaft": 300
    },
    "fragment-loot-tables": {}
  },
  {
    "title": "枭工作室",
    "author": "无以忘忧",
    "duration": 122,
    "disc-namespace": "twosixzerozerozerozerozerozerozerozerozero",
    "model-data": 20,
    "creeper-drop": true,
    "lores": [],
    "loot-tables": {
      "pots/trial_chambers/corridor": 150,
      "chests/ancient_city": 300,
      "chests/ancient_city_ice_box": 300,
      "chests/bastion_bridge": 200,
      "chests/bastion_hoglin_treasure": 200,
      "chests/bastion_other": 200,
      "chests/bastion_treasure": 200,
      "chests/simple_dungeon": 300,
      "chests/ruined_portal": 300,
      "chests/village/village_plains_house": 300,
      "chests/village/village_savanna_house": 300,
      "chests/village/village_desert_house": 300,
      "chests/village/village_snowy_house": 300,
      "chests/village/village_taiga_house": 300,
      "chests/abandoned_mineshaft": 300
    },
    "fragment-loot-tables": {}
  },
  {
    "title": "LIKPIA",
    "author": "夏·烟火",
    "duration": 229,
    "disc-namespace": "likpiaone",
    "model-data": 21,
    "creeper-drop": true,
    "lores": [],
    "loot-tables": {
      "pots/trial_chambers/corridor": 150,
      "chests/ancient_city": 300,
      "chests/ancient_city_ice_box": 300,
      "chests/bastion_bridge": 200,
      "chests/bastion_hoglin_treasure": 200,
      "chests/bastion_other": 200,
      "chests/bastion_treasure": 200,
      "chests/simple_dungeon": 300,
      "chests/ruined_portal": 300,
      "chests/village/village_plains_house": 300,
      "chests/village/village_savanna_house": 300,
      "chests/village/village_desert_house": 300,
      "chests/village/village_snowy_house": 300,
      "chests/village/village_taiga_house": 300,
      "chests/abandoned_mineshaft": 300
    },
    "fragment-loot-tables": {}
  },
  {
    "title": "若木火实",
    "author": "·帝剑长萦（帝剑台）",
    "duration": 129,
    "disc-namespace": "twosixzerozerozerozerozerozerozerozerozerozero",
    "model-data": 22,
    "creeper-drop": true,
    "lores": [],
    "loot-tables": {
      "pots/trial_chambers/corridor": 150,
      "chests/ancient_city": 300,
      "chests/ancient_city_ice_box": 300,
      "chests/bastion_bridge": 200,
      "chests/bastion_hoglin_treasure": 200,
      "chests/bastion_other": 200,
      "chests/bastion_treasure": 200,
      "chests/simple_dungeon": 300,
      "chests/ruined_portal": 300,
      "chests/village/village_plains_house": 300,
      "chests/village/village_savanna_house": 300,
      "chests/village/village_desert_house": 300,
      "chests/village/village_snowy_house": 300,
      "chests/village/village_taiga_house": 300,
      "chests/abandoned_mineshaft": 300
    },
    "fragment-loot-tables": {}
  },
  {
    "title": "若木火实",
    "author": "杖客铃仙（青霭园·青霭园）",
    "duration": 210,
    "disc-namespace": "twosixzerozerozerozerozerozerozerozerozerozerozero",
    "model-data": 23,
    "creeper-drop": true,
    "lores": [],
    "loot-tables": {
      "pots/trial_chambers/corridor": 150,
      "chests/ancient_city": 300,
      "chests/ancient_city_ice_box": 300,
      "chests/bastion_bridge": 200,
      "chests/bastion_hoglin_treasure": 200,
      "chests/bastion_other": 200,
      "chests/bastion_treasure": 200,
      "chests/simple_dungeon": 300,
      "chests/ruined_portal": 300,
      "chests/village/village_plains_house": 300,
      "chests/village/village_savanna_house": 300,
      "chests/village/village_desert_house": 300,
      "chests/village/village_snowy_house": 300,
      "chests/village/village_taiga_house": 300,
      "chests/abandoned_mineshaft": 300
    },
    "fragment-loot-tables": {}
  },
  {
    "title": "TryHardNinja",
    "author": "Revenge(Minecraft Creeper Song)",
    "duration": 158,
    "disc-namespace": "tryhardninjarevengeminecraftcreepersongone",
    "model-data": 24,
    "creeper-drop": true,
    "lores": [],
    "loot-tables": {
      "pots/trial_chambers/corridor": 150,
      "chests/ancient_city": 300,
      "chests/ancient_city_ice_box": 300,
      "chests/bastion_bridge": 200,
      "chests/bastion_hoglin_treasure": 200,
      "chests/bastion_other": 200,
      "chests/bastion_treasure": 200,
      "chests/simple_dungeon": 300,
      "chests/ruined_portal": 300,
      "chests/village/village_plains_house": 300,
      "chests/village/village_savanna_house": 300,
      "chests/village/village_desert_house": 300,
      "chests/village/village_snowy_house": 300,
      "chests/village/village_taiga_house": 300,
      "chests/abandoned_mineshaft": 300
    },
    "fragment-loot-tables": {}
  }
]