{
  "foxtailgrassstudiofour": {
    "sounds": [
      {
        "name": "records/foxtailgrassstudiofour",
        "stream": true
      }
    ]
  },
  "ppone": {
    "sounds": [
      {
        "name": "records/ppone",
        "stream": true
      }
    ]
  },
  "sherryone": {
    "sounds": [
      {
        "name": "records/sherryone",
        "stream": true
      }
    ]
  },
  "twosix": {
    "sounds": [
      {
        "name": "records/twosix",
        "stream": true
      }
    ]
  },
  "twosixzero": {
    "sounds": [
      {
        "name": "records/twosixzero",
        "stream": true
      }
    ]
  },
  "twosixzerozero": {
    "sounds": [
      {
        "name": "records/twosixzerozero",
        "stream": true
      }
    ]
  },
  "livetwo": {
    "sounds": [
      {
        "name": "records/livetwo",
        "stream": true
      }
    ]
  },
  "livetwozero": {
    "sounds": [
      {
        "name": "records/livetwozero",
        "stream": true
      }
    ]
  },
  "tristudioone": {
    "sounds": [
      {
        "name": "records/tristudioone",
        "stream": true
      }
    ]
  },
  "mtakukomorebione": {
    "sounds": [
      {
        "name": "records/mtakukomorebione",
        "stream": true
      }
    ]
  },
  "twosixzerozerozero": {
    "sounds": [
      {
        "name": "records/twosixzerozerozero",
        "stream": true
      }
    ]
  },
  "foxtailgrassstudiomountainjourneyone": {
    "sounds": [
      {
        "name": "records/foxtailgrassstudiomountainjourneyone",
        "stream": true
      }
    ]
  },
  "twosixzerozerozerozero": {
    "sounds": [
      {
        "name": "records/twosixzerozerozerozero",
        "stream": true
      }
    ]
  },
  "twosixzerozerozerozerozero": {
    "sounds": [
      {
        "name": "records/twosixzerozerozerozerozero",
        "stream": true
      }
    ]
  },
  "despairone": {
    "sounds": [
      {
        "name": "records/despairone",
        "stream": true
      }
    ]
  },
  "twosixzerozerozerozerozerozero": {
    "sounds": [
      {
        "name": "records/twosixzerozerozerozerozerozero",
        "stream": true
      }
    ]
  },
  "orchone": {
    "sounds": [
      {
        "name": "records/orchone",
        "stream": true
      }
    ]
  },
  "twosixzerozerozerozerozerozerozero": {
    "sounds": [
      {
        "name": "records/twosixzerozerozerozerozerozerozero",
        "stream": true
      }
    ]
  },
  "twosixzerozerozerozerozerozerozerozero": {
    "sounds": [
      {
        "name": "records/twosixzerozerozerozerozerozerozerozero",
        "stream": true
      }
    ]
  },
  "foxtailgrassstudiofourzero": {
    "sounds": [
      {
        "name": "records/foxtailgrassstudiofourzero",
        "stream": true
      }
    ]
  },
  "foxtailgrassstudiofourzerozero": {
    "sounds": [
      {
        "name": "records/foxtailgrassstudiofourzerozero",
        "stream": true
      }
    ]
  },
  "twosixzerozerozerozerozerozerozerozerozero": {
    "sounds": [
      {
        "name": "records/twosixzerozerozerozerozerozerozerozerozero",
        "stream": true
      }
    ]
  },
  "likpiaone": {
    "sounds": [
      {
        "name": "records/likpiaone",
        "stream": true
      }
    ]
  },
  "twosixzerozerozerozerozerozerozerozerozerozero": {
    "sounds": [
      {
        "name": "records/twosixzerozerozerozerozerozerozerozerozerozero",
        "stream": true
      }
    ]
  },
  "twosixzerozerozerozerozerozerozerozerozerozerozero": {
    "sounds": [
      {
        "name": "records/twosixzerozerozerozerozerozerozerozerozerozerozero",
        "stream": true
      }
    ]
  },
  "tryhardninjarevengeminecraftcreepersongone": {
    "sounds": [
      {
        "name": "records/tryhardninjarevengeminecraftcreepersongone",
        "stream": true
      }
    ]
  }
}