{
  "model": {
    "type": "range_dispatch",
    "property": "custom_model_data",
    "fallback": {
      "type": "model",
      "model": "item/disc_fragment_5"
    },
    "entries": [
      {
        "threshold": 26,
        "model": {
          "type": "model",
          "model": "item/fragment_foxtailgrassstudiofour"
        }
      },
      {
        "threshold": 27,
        "model": {
          "type": "model",
          "model": "item/fragment_ppone"
        }
      },
      {
        "threshold": 1,
        "model": {
          "type": "model",
          "model": "item/fragment_sherryone"
        }
      },
      {
        "threshold": 2,
        "model": {
          "type": "model",
          "model": "item/fragment_twosix"
        }
      },
      {
        "threshold": 3,
        "model": {
          "type": "model",
          "model": "item/fragment_twosixzero"
        }
      },
      {
        "threshold": 4,
        "model": {
          "type": "model",
          "model": "item/fragment_twosixzerozero"
        }
      },
      {
        "threshold": 5,
        "model": {
          "type": "model",
          "model": "item/fragment_livetwo"
        }
      },
      {
        "threshold": 6,
        "model": {
          "type": "model",
          "model": "item/fragment_livetwozero"
        }
      },
      {
        "threshold": 7,
        "model": {
          "type": "model",
          "model": "item/fragment_tristudioone"
        }
      },
      {
        "threshold": 8,
        "model": {
          "type": "model",
          "model": "item/fragment_mtakukomorebione"
        }
      },
      {
        "threshold": 9,
        "model": {
          "type": "model",
          "model": "item/fragment_twosixzerozerozero"
        }
      },
      {
        "threshold": 10,
        "model": {
          "type": "model",
          "model": "item/fragment_foxtailgrassstudiomountainjourneyone"
        }
      },
      {
        "threshold": 11,
        "model": {
          "type": "model",
          "model": "item/fragment_twosixzerozerozerozero"
        }
      },
      {
        "threshold": 12,
        "model": {
          "type": "model",
          "model": "item/fragment_twosixzerozerozerozerozero"
        }
      },
      {
        "threshold": 13,
        "model": {
          "type": "model",
          "model": "item/fragment_despairone"
        }
      },
      {
        "threshold": 14,
        "model": {
          "type": "model",
          "model": "item/fragment_twosixzerozerozerozerozerozero"
        }
      },
      {
        "threshold": 15,
        "model": {
          "type": "model",
          "model": "item/fragment_orchone"
        }
      },
      {
        "threshold": 16,
        "model": {
          "type": "model",
          "model": "item/fragment_twosixzerozerozerozerozerozerozero"
        }
      },
      {
        "threshold": 17,
        "model": {
          "type": "model",
          "model": "item/fragment_twosixzerozerozerozerozerozerozerozero"
        }
      },
      {
        "threshold": 18,
        "model": {
          "type": "model",
          "model": "item/fragment_foxtailgrassstudiofourzero"
        }
      },
      {
        "threshold": 19,
        "model": {
          "type": "model",
          "model": "item/fragment_foxtailgrassstudiofourzerozero"
        }
      },
      {
        "threshold": 20,
        "model": {
          "type": "model",
          "model": "item/fragment_twosixzerozerozerozerozerozerozerozerozero"
        }
      },
      {
        "threshold": 21,
        "model": {
          "type": "model",
          "model": "item/fragment_likpiaone"
        }
      },
      {
        "threshold": 22,
        "model": {
          "type": "model",
          "model": "item/fragment_twosixzerozerozerozerozerozerozerozerozerozero"
        }
      },
      {
        "threshold": 23,
        "model": {
          "type": "model",
          "model": "item/fragment_twosixzerozerozerozerozerozerozerozerozerozerozero"
        }
      },
      {
        "threshold": 24,
        "model": {
          "type": "model",
          "model": "item/fragment_tryhardninjarevengeminecraftcreepersongone"
        }
      }
    ]
  }
}