{
  "model": {
    "type": "range_dispatch",
    "property": "custom_model_data",
    "fallback": {
      "type": "model",
      "model": "item/music_disc_11"
    },
    "entries": [
      {
        "threshold": 26,
        "model": {
          "type": "model",
          "model": "item/music_disc_foxtailgrassstudiofour"
        }
      },
      {
        "threshold": 27,
        "model": {
          "type": "model",
          "model": "item/music_disc_ppone"
        }
      },
      {
        "threshold": 1,
        "model": {
          "type": "model",
          "model": "item/music_disc_sherryone"
        }
      },
      {
        "threshold": 2,
        "model": {
          "type": "model",
          "model": "item/music_disc_twosix"
        }
      },
      {
        "threshold": 3,
        "model": {
          "type": "model",
          "model": "item/music_disc_twosixzero"
        }
      },
      {
        "threshold": 4,
        "model": {
          "type": "model",
          "model": "item/music_disc_twosixzerozero"
        }
      },
      {
        "threshold": 5,
        "model": {
          "type": "model",
          "model": "item/music_disc_livetwo"
        }
      },
      {
        "threshold": 6,
        "model": {
          "type": "model",
          "model": "item/music_disc_livetwozero"
        }
      },
      {
        "threshold": 7,
        "model": {
          "type": "model",
          "model": "item/music_disc_tristudioone"
        }
      },
      {
        "threshold": 8,
        "model": {
          "type": "model",
          "model": "item/music_disc_mtakukomorebione"
        }
      },
      {
        "threshold": 9,
        "model": {
          "type": "model",
          "model": "item/music_disc_twosixzerozerozero"
        }
      },
      {
        "threshold": 10,
        "model": {
          "type": "model",
          "model": "item/music_disc_foxtailgrassstudiomountainjourneyone"
        }
      },
      {
        "threshold": 11,
        "model": {
          "type": "model",
          "model": "item/music_disc_twosixzerozerozerozero"
        }
      },
      {
        "threshold": 12,
        "model": {
          "type": "model",
          "model": "item/music_disc_twosixzerozerozerozerozero"
        }
      },
      {
        "threshold": 13,
        "model": {
          "type": "model",
          "model": "item/music_disc_despairone"
        }
      },
      {
        "threshold": 14,
        "model": {
          "type": "model",
          "model": "item/music_disc_twosixzerozerozerozerozerozero"
        }
      },
      {
        "threshold": 15,
        "model": {
          "type": "model",
          "model": "item/music_disc_orchone"
        }
      },
      {
        "threshold": 16,
        "model": {
          "type": "model",
          "model": "item/music_disc_twosixzerozerozerozerozerozerozero"
        }
      },
      {
        "threshold": 17,
        "model": {
          "type": "model",
          "model": "item/music_disc_twosixzerozerozerozerozerozerozerozero"
        }
      },
      {
        "threshold": 18,
        "model": {
          "type": "model",
          "model": "item/music_disc_foxtailgrassstudiofourzero"
        }
      },
      {
        "threshold": 19,
        "model": {
          "type": "model",
          "model": "item/music_disc_foxtailgrassstudiofourzerozero"
        }
      },
      {
        "threshold": 20,
        "model": {
          "type": "model",
          "model": "item/music_disc_twosixzerozerozerozerozerozerozerozerozero"
        }
      },
      {
        "threshold": 21,
        "model": {
          "type": "model",
          "model": "item/music_disc_likpiaone"
        }
      },
      {
        "threshold": 22,
        "model": {
          "type": "model",
          "model": "item/music_disc_twosixzerozerozerozerozerozerozerozerozerozero"
        }
      },
      {
        "threshold": 23,
        "model": {
          "type": "model",
          "model": "item/music_disc_twosixzerozerozerozerozerozerozerozerozerozerozero"
        }
      },
      {
        "threshold": 24,
        "model": {
          "type": "model",
          "model": "item/music_disc_tryhardninjarevengeminecraftcreepersongone"
        }
      }
    ]
  }
}